n,d_t,true_ate_two_point,true_slope,naive_ols_point,naive_ols_se,naive_ols_ci_low,naive_ols_ci_high,naive_ols_bias,naive_ols_abs_bias,ols_adjusted_point,ols_adjusted_se,ols_adjusted_ci_low,ols_adjusted_ci_high,ols_adjusted_bias,ols_adjusted_abs_bias,dml_plr_point,dml_plr_se,dml_plr_ci_low,dml_plr_ci_high,dml_plr_bias,dml_plr_abs_bias,dml_doubleml_point,dml_doubleml_se,dml_doubleml_ci_low,dml_doubleml_ci_high,dml_doubleml_bias,dml_doubleml_abs_bias,aipw_binary_point,aipw_binary_se,aipw_binary_ci_low,aipw_binary_ci_high,aipw_binary_bias,aipw_binary_abs_bias,aipw_binary_covers_true,aipw_doubleml_point,aipw_doubleml_se,aipw_doubleml_ci_low,aipw_doubleml_ci_high,aipw_doubleml_bias,aipw_doubleml_abs_bias,aipw_doubleml_covers_true,u_strength,seed
3000,1.5921016178500662,0.3548241938647949,0.22286529319902365,0.10478639072913909,0.01816296230168329,0.0691876384844827,0.14038514297379548,-0.11807890246988456,0.11807890246988456,0.2363348995594963,0.020732936550994167,0.19569909030526356,0.27697070881372904,0.013469606360472647,0.013469606360472647,0.22200526948999305,0.022122847000629813,0.17864528579125064,0.26536525318873544,-0.0008600237090305995,0.0008600237090305995,0.22372874274740095,0.021920719410334667,0.1807649221879369,0.26669256330686497,0.0008634495483773041,0.0008634495483773041,0.2719058748621006,0.04924289124682346,0.17539158076241151,0.3684201689617897,-0.08291831900269431,0.08291831900269431,True,0.29757464570257913,0.04742179091432198,0.2046296434281193,0.390519647977039,-0.05724954816221578,0.05724954816221578,True,0.0,11
3000,1.5961766313620902,0.36434466887994055,0.2282608714607159,0.09026822021194689,0.018188946496605022,0.05461853988067492,0.12591790054321886,-0.137992651248769,0.137992651248769,0.21663137894876358,0.0206797255533103,0.1760998613343953,0.25716289656313185,-0.011629492511952305,0.011629492511952305,0.20620133436695626,0.02273986464793266,0.16163201829213558,0.25077065044177693,-0.02205953709375963,0.02205953709375963,0.21107161170332772,0.02311787330620586,0.16576141262400432,0.25638181078265115,-0.017189259757388164,0.017189259757388164,0.39211383568886604,0.04721184570341485,0.29958031773661825,0.48464735364111383,0.027769166808925494,0.027769166808925494,True,0.4130682806399873,0.04752577864788233,0.3199194661529152,0.5062170951270594,0.04872361176004675,0.04872361176004675,True,0.0,22
3000,1.6003331025101621,0.3602810021775009,0.22512875701464355,0.07205293377854503,0.01821603709874965,0.03635015684233127,0.1077557107147588,-0.15307582323609853,0.15307582323609853,0.20939169253384388,0.020854382384772104,0.1685178538174564,0.2502655312502313,-0.015737064480799673,0.015737064480799673,0.19943887171069843,0.021805448150425323,0.15670097833199823,0.24217676508939864,-0.025689885303945115,0.025689885303945115,0.20143455117342077,0.02223426495435272,0.1578561926401683,0.24501290970667322,-0.023694205841222782,0.023694205841222782,0.25037859924051287,0.05787101656065713,0.13695349013822106,0.3638037083428047,-0.10990240293698805,0.10990240293698805,True,0.2645659376284249,0.0541553426805857,0.1584234164040521,0.3707084588527977,-0.09571506454907602,0.09571506454907602,True,0.0,33
3000,1.5964522859854877,0.35872173501182847,0.22469931495033066,0.08192736295610042,0.0182021110579056,0.046251880558603534,0.11760284535359732,-0.14277195199423023,0.14277195199423023,0.20910412032663356,0.020571658123527632,0.16878441098421185,0.24942382966905527,-0.0155951946236971,0.0155951946236971,0.20639143150288564,0.0220161961023388,0.16324047972536126,0.24954238328041,-0.018307883447445022,0.018307883447445022,0.199209014739809,0.021823895237023057,0.1564349660728686,0.2419830634067494,-0.02549030021052165,0.02549030021052165,0.30162732909290707,0.05394586771066583,0.1958953704312396,0.40735928775457453,-0.0570944059189214,0.0570944059189214,True,0.31953622438262197,0.05066941149282191,0.22022600273885112,0.4188464460263928,-0.0391855106292065,0.0391855106292065,True,0.0,44
3000,1.608743628729475,0.3646931143492211,0.22669436437006557,0.07830202995632334,0.01820743267014504,0.04261611739041518,0.11398794252223149,-0.14839233441374222,0.14839233441374222,0.2090032059485992,0.020154501421359015,0.1695011087247867,0.2485053031724117,-0.017691158421466374,0.017691158421466374,0.20795564229115795,0.022188611069497995,0.16446676338494037,0.25144452119737554,-0.018738722078907616,0.018738722078907616,0.21485054250302127,0.022184724173224882,0.17136928211654537,0.2583318028894972,-0.011843821867044302,0.011843821867044302,0.31967364100696993,0.05454640704585926,0.21276464686773944,0.42658263514620043,-0.04501947334225115,0.04501947334225115,True,0.3020751041114113,0.04988323632555049,0.2043057574810322,0.3998444507417904,-0.06261801023780977,0.06261801023780977,True,0.0,55
3000,1.5917274463165696,0.34741607811028985,0.2182635468869048,0.10484846374795827,0.018162842815006856,0.06924994569288617,0.14044698180303036,-0.11341508313894653,0.11341508313894653,0.24336192383766383,0.02041476737445734,0.20334971471535293,0.2833741329599747,0.025098376950759033,0.025098376950759033,0.23240376221644524,0.02283472040111985,0.18764853228018477,0.2771589921527057,0.014140215329540434,0.014140215329540434,0.2333817069768163,0.02258136329029605,0.18912304820602113,0.2776403657476114,0.015118160089911487,0.015118160089911487,0.3453455588039099,0.05273559999546147,0.24198568129440523,0.44870543631341453,-0.00207051930637997,0.00207051930637997,True,0.333715583470063,0.05955554737466841,0.216988855536144,0.45044231140398205,-0.013700494640226824,0.013700494640226824,True,0.0,66
3000,1.5921722723313652,0.3502876230211404,0.22000610681922367,0.16956983385197655,0.017999018498992915,0.1342924055586164,0.2048472621453367,-0.05043627296724712,0.05043627296724712,0.3115773689999481,0.020043923060920545,0.272292001381774,0.3508627366181222,0.09157126218072442,0.09157126218072442,0.29737131151114227,0.02156038686552843,0.2551137294286337,0.33962889359365084,0.0773652046919186,0.0773652046919186,0.2906617082104257,0.021583897042690772,0.2483580473607312,0.3329653690601202,0.07065560139120203,0.07065560139120203,0.44823134853595303,0.0478265562329134,0.3544930200754671,0.5419696769964389,0.09794372551481262,0.09794372551481262,False,0.4751602238193806,0.048701767999141186,0.3797065125576386,0.5706139350811227,0.1248726007982402,0.1248726007982402,False,0.3,11
3000,1.5977958308236733,0.3599968511913467,0.22530841816364372,0.15701781780039098,0.018036962687207645,0.12166602026412074,0.19236961533666122,-0.06829060036325274,0.06829060036325274,0.2935848251591492,0.02002580167604759,0.25433497480295625,0.3328346755153421,0.06827640699550547,0.06827640699550547,0.28218496466383985,0.02205432116801077,0.23895928913010078,0.3254106401975789,0.056876546500196135,0.056876546500196135,0.28965792448752964,0.02231826028270219,0.24591493813584261,0.33340091083921664,0.06434950632388592,0.06434950632388592,0.4582273375626799,0.05540510012406232,0.34963533590312224,0.5668193392222376,0.09823048637133319,0.09823048637133319,True,0.4917432877972271,0.05278403594650699,0.38828847838340574,0.5951980972110484,0.13174643660588037,0.13174643660588037,False,0.3,22
3000,1.59730911040444,0.3546226783743022,0.222012556032133,0.13596035269501908,0.018093917598677383,0.10049692558264496,0.1714237798073932,-0.08605220333711391,0.08605220333711391,0.28442515496536563,0.020217054349928498,0.24480045625346236,0.3240498536772689,0.062412598933232644,0.062412598933232644,0.2714576817583846,0.02143267089592482,0.2294504183785242,0.31346494513824497,0.04944512572625159,0.04944512572625159,0.285023134500094,0.021646409644822878,0.24259695120164065,0.3274493177985473,0.06301057846796099,0.06301057846796099,0.40563283997429517,0.05927478644013503,0.28945639244394233,0.521809287504648,0.05101016159999294,0.05101016159999294,True,0.4225019012941906,0.05859713750763442,0.3076536221820859,0.5373501804062952,0.06787922291988835,0.06787922291988835,True,0.3,33
3000,1.596466633049202,0.35387117880812385,0.2216589883449307,0.14953981193974614,0.018058147173355434,0.11414649357326773,0.18493313030622455,-0.07211917640518456,0.07211917640518456,0.2860380164590653,0.019877933982990724,0.24707798145802687,0.32499805146010374,0.0643790281141346,0.0643790281141346,0.28161233834849453,0.02148640953999649,0.23949974916084485,0.32372492753614424,0.05995335000356383,0.05995335000356383,0.2757256042123593,0.021464101765781663,0.23365673779092466,0.31779447063379396,0.054066615867428613,0.054066615867428613,0.41897382567818287,0.06220693151072314,0.2970504793666999,0.5408971719896658,0.06510264687005901,0.06510264687005901,True,0.42443300234236525,0.05366725223959524,0.319247120803532,0.5296188838811985,0.0705618235342414,0.0705618235342414,True,0.3,44
3000,1.6120683822971031,0.360774918510755,0.2237962871008436,0.14261380713912608,0.0180768253595909,0.10718388020004085,0.1780437340782113,-0.08118247996171751,0.08118247996171751,0.28093696630401227,0.01959259493891326,0.24253618555716008,0.3193377470508645,0.057140679203168676,0.057140679203168676,0.28223597601345557,0.02149503387663319,0.24010648343647406,0.3243654685904371,0.058439688912611976,0.058439688912611976,0.28221669684984596,0.021573874199129654,0.23993268041255397,0.324500713287138,0.05842040974900237,0.05842040974900237,0.42767018040146576,0.05369985088216539,0.32242040586705334,0.5329199549358782,0.06689526189071077,0.06689526189071077,True,0.4186230713993297,0.047884259753098846,0.32477164685689514,0.5124744959417643,0.0578481528885747,0.0578481528885747,True,0.3,55
3000,1.5937581951782103,0.3427827053500587,0.21507823858545216,0.17248847408589868,0.0179897655129608,0.13722918131205397,0.2077477668597434,-0.042589764499553484,0.042589764499553484,0.3191036309855412,0.019729200535913878,0.2804351081863693,0.35777215378471305,0.10402539240008901,0.10402539240008901,0.30578407793153445,0.02234826821237248,0.26198227677294006,0.34958587909012884,0.09070583934608228,0.09070583934608228,0.30721069306708354,0.022325554870991835,0.2634534095850668,0.3509679765491003,0.09213245448163138,0.09213245448163138,0.40398862087015047,0.05846465626742639,0.28939999931362037,0.5185772424266806,0.06120591552009175,0.06120591552009175,True,0.4272090459818766,0.07099090565758603,0.2880694276631272,0.5663486643006259,0.08442634063181786,0.08442634063181786,True,0.3,66
3000,1.5958588976116659,0.34695792298021977,0.21741140366449116,0.2313118119394071,0.0177681950233752,0.19648678934861255,0.26613683453020165,0.013900408274915954,0.013900408274915954,0.3738642692533923,0.01920326014459855,0.3362265706873443,0.41150196781944026,0.15645286558890112,0.15645286558890112,0.35930164959881244,0.020862685529045383,0.31841153701856256,0.4001917621790623,0.14189024593432129,0.14189024593432129,0.35238462347154154,0.020869989671203213,0.3114801953582603,0.39328905158482275,0.13497321980705038,0.13497321980705038,0.5635179422408712,0.04644769794354453,0.47248212638864984,0.6545537580930925,0.21656001926065138,0.21656001926065138,False,0.5462617769073084,0.0455848818395427,0.45691705026229074,0.6356065035523261,0.1993038539270886,0.1993038539270886,False,0.6,11
3000,1.6019921534464325,0.3566044923755584,0.2226006485789461,0.22188425099974862,0.017808253207645938,0.18698071580987807,0.25678778618961917,-0.0007163975791974753,0.0007163975791974753,0.3592579810255413,0.019204972549372076,0.3216169262077838,0.3968990358432988,0.1366573324465952,0.1366573324465952,0.3495269785190592,0.021319800572607663,0.3077409369095688,0.39131302012854957,0.12692632994011308,0.12692632994011308,0.34804744338426996,0.02141521234445681,0.30607439846785706,0.39002048830068287,0.12544679480532386,0.12544679480532386,0.5263341981825789,0.05681722708364864,0.41497447851880254,0.6376939178463552,0.16972970580702046,0.16972970580702046,False,0.5537722056337989,0.056088483146923204,0.44384079871834764,0.6637036125492501,0.1971677132582405,0.1971677132582405,False,0.6,22
3000,1.5934266469503904,0.3492695565162014,0.21919399753020166,0.19940887753957678,0.017896709977110462,0.16433197026599944,0.23448578481315413,-0.019785119990624878,0.019785119990624878,0.3490626463426495,0.01940659212591504,0.3110264244131726,0.3870988682721264,0.12986864881244783,0.12986864881244783,0.3350778468924546,0.020913341508962305,0.29408845041518283,0.3760672433697264,0.11588384936225296,0.11588384936225296,0.33690335055020043,0.020941836189352313,0.29585810584893235,0.3779485952514685,0.11770935301999877,0.11770935301999877,0.508730566196077,0.05101632535672758,0.40874040508460385,0.6087207273075502,0.15946100967987564,0.15946100967987564,False,0.5477722121486647,0.05978604169845965,0.4305937236414739,0.6649507006558555,0.19850265563246328,0.19850265563246328,False,0.6,33
3000,1.5956016972617095,0.34898608664291364,0.21871754538856772,0.21491393945963708,0.017836743887183495,0.17995456356353737,0.24987331535573679,-0.0038036059289306423,0.0038036059289306423,0.35110665283168696,0.01904397568588035,0.3137811460704862,0.38843215959288774,0.13238910744311924,0.13238910744311924,0.34342673904645127,0.020857092138432277,0.302547589310441,0.3843058887824615,0.12470919365788355,0.12470919365788355,0.3323375656152424,0.020812455426204416,0.29154590255003654,0.3731292286804483,0.1136200202266747,0.1136200202266747,0.47442981826571395,0.06995142253998864,0.33732754833854767,0.6115320881928803,0.12544373162280031,0.12544373162280031,True,0.4807443522385274,0.0700704108471161,0.34340887059625513,0.6180798338807997,0.13175826559561377,0.13175826559561377,True,0.6,44
3000,1.6154511478722284,0.35701146609136764,0.22099799586115673,0.2057952974802062,0.017872578191533702,0.17076568763761504,0.24082490732279735,-0.015202698380950536,0.015202698380950536,0.34355836775651233,0.018871148347474113,0.3065715963568036,0.38054513915622107,0.1225603718953556,0.1225603718953556,0.34197915051635824,0.02073546431753349,0.301338386930708,0.38261991410200846,0.12098115465520151,0.12098115465520151,0.3462471091343833,0.020743481278641226,0.3055906329142656,0.386903585354501,0.12524911327322655,0.12524911327322655,0.5236276216213818,0.054331603598719046,0.41713963450562197,0.6301156087371416,0.16661615553001413,0.16661615553001413,False,0.4700828624279053,0.04767239868412995,0.37664667795037593,0.5635190469054348,0.11307139633653768,0.11307139633653768,False,0.6,55
3000,1.5936320220092972,0.3382568222065141,0.2122552870015941,0.2373866845327718,0.01774144939644552,0.20261408240791687,0.2721592866576268,0.025131397531177713,0.025131397531177713,0.3822779262812672,0.01890443509737468,0.34522591405007635,0.4193299385124581,0.17002263927967312,0.17002263927967312,0.36562656472614385,0.021584389041545297,0.32332193924272057,0.40793119020956714,0.15337127772454975,0.15337127772454975,0.37011086186693837,0.02182597605295026,0.3273327348757222,0.41288898885815456,0.15785557486534427,0.15785557486534427,0.46799149782974353,0.05014168306319713,0.3697156041264674,0.5662673915330196,0.12973467562322943,0.12973467562322943,False,0.5438554856463026,0.049343340942623444,0.44714431452187997,0.6405666567707252,0.2055986634397885,0.2055986634397885,False,0.6,66
