方向编号,方向,序号,标题,作者,出处,年份,国别,被引,DOI,OpenAlexID
D1,水产养殖智能投喂与摄食行为智能感知,1,Deep learning-based computer vision for fish behavior recognition in intensive aquaculture: A comprehensive review,"Qingxuan He, Huihui Yu, Hanxiang Qin, Yupeng Mei, Ling Xu, Yingqian Chai, Cuili Li, Lihua Song, Daoliang Li, Yingyi Chen",Computer Science Review,2026,国内,5,10.1016/j.cosrev.2026.100896,W7123346463
D1,水产养殖智能投喂与摄食行为智能感知,2,Intelligent Prediction and Continuous Monitoring of Water Quality in Aquaculture: Integration of Machine Learning and Internet of Things for Sustainable Management,"Rubén Baena-Navarro, Yulieth Carriazo-Regino, Francisco Torres-Hoyos, Jhon William Pinedo López",Water,2025,国外,62,10.3390/w17010082,W4405968490
D1,水产养殖智能投喂与摄食行为智能感知,3,Deep Learning for Sustainable Aquaculture: Opportunities and Challenges,"Alex Wu, Ke-Lei Li, Zi-Yu Song, Xiuhua Lou, Pingfan Hu, Weijun Yang, Rui-Feng Wang",Sustainability,2025,国内,57,10.3390/su17115084,W4410956883
D1,水产养殖智能投喂与摄食行为智能感知,4,A deep deterministic policy gradient approach for optimizing feeding rates and water quality management in recirculating aquaculture systems,"Wael M. Elmessery, Said Elshahat Abdallah, Awad Ali Tayoush Oraiath, V. Espinosa, Mohamed Fawzi Abdalshefie Abuhussein, Péter Szűcs, Mohamed Hamdy Eid, Doaa M. El-Shinawy, Huda Aljumayi, Samy F. Mahmoud, Abdallah Elshawadfy Elwakeel",Aquaculture International,2025,国外,27,10.1007/s10499-025-01914-z,W4409078607
D1,水产养殖智能投喂与摄食行为智能感知,5,The Application of Digital Twin Technology in the Development of Intelligent Aquaculture: Status and Opportunities,"Jianlei Chen, Yong Xu, Hao Li, Xinguo Zhao, Su Yang, Chengzhen Qi, Keming Qu, Zhengguo Cui",Fishes,2025,国内,21,10.3390/fishes10080363,W4412711564
D1,水产养殖智能投喂与摄食行为智能感知,6,Feeding behavior quantification and recognition for intelligent fish farming application: A review,"Yuchen Xiao, Liuyi Huang, Shubin Zhang, Chun-Wei Bi, Xinxing You, Shuyue He, Jun Guan",Applied Animal Behaviour Science,2025,国内,15,10.1016/j.applanim.2025.106588,W4408427890
D1,水产养殖智能投喂与摄食行为智能感知,7,Hybrid deep learning framework for real-time DO prediction in aquaculture,"Longqin Xu, Wenjun Liu, Cai Chengqing, Tonglai Liu, Xuekai Gao, Ferdous Sohel, Murtaza Hasan, Mansour Ghorbanpour, Shahbaz Gul Hassan, Shuangyin Liu",Scientific Reports,2025,国内,12,10.1038/s41598-025-10786-5,W4412178277
D1,水产养殖智能投喂与摄食行为智能感知,8,Review on Quantitative Methods of Fish School Behaviors,"Yaoguang Wei, Lin Ji, Dong An",Reviews in Aquaculture,2025,国内,9,10.1111/raq.70023,W4409752803
D1,水产养殖智能投喂与摄食行为智能感知,9,Cross-Modal Complementarity Learning for Fish Feeding Intensity Recognition via Audio–Visual Fusion,"Peijun Li, Yanan Wei, Wenkai Ma, Tan Wang",Animals,2025,国内,5,10.3390/ani15152245,W4412841311
D1,水产养殖智能投喂与摄食行为智能感知,10,A Multimodal Vision-Based Fish Environment and Growth Monitoring in an Aquaculture Cage,"Fengshuang Ma, Xiangyong Liu, Zhiqiang Xu",Journal of Marine Science and Engineering,2025,国内,5,10.3390/jmse13091700,W4413954029
D1,水产养殖智能投喂与摄食行为智能感知,11,Biomass estimation in shrimp aquaculture using multimodal deep learning approaches,"Shaozhong Zhang, Pengfei Shao, Haidong Zhong, Yaohui Wu, Chenjie Du",Ecological Informatics,2025,国内,5,10.1016/j.ecoinf.2025.103531,W4416400111
D1,水产养殖智能投喂与摄食行为智能感知,12,Fish feeding behavior recognition via lightweight two stage network and satiety experiments,"Shilong Zhao, Kewei Cai, Yanbin Dong, Guanbo Feng, Yuqing Wang, Hongshuai Pang, Ying Liu",Scientific Reports,2025,国内,2,10.1038/s41598-025-15241-z,W4413270823
D1,水产养殖智能投喂与摄食行为智能感知,13,Recent Developments in Recirculating Aquaculture Systems: A Review,"Shruti Gupta, Pavlos Makridis, Ingrid A. Henry, Michael Velle-George, Deni Ribičić, Amit Bhatnagar, Kinga Skalska, Ehsan Daneshvar, Elia Ciani, David Persson, Roman Netzer",Aquaculture Research,2024,国外,91,10.1155/are/6096671,W4405372748
D1,水产养殖智能投喂与摄食行为智能感知,14,Exploring opportunities of Artificial Intelligence in aquaculture to meet increasing food demand,"Mohd Ashraf Rather, Ishtiyaq Ahmad, Azra Shah, Younis Ahmad Hajam, Adnan Amin, Saba Khursheed, Irfan Ahmad, Showkat Rasool",Food Chemistry X,2024,国外,90,10.1016/j.fochx.2024.101309,W4392967820
D1,水产养殖智能投喂与摄食行为智能感知,15,A real-time feeding decision method based on density estimation of farmed fish,"Haiyan Zhao, Junfeng Wu, Liang Liu, Boyu Qu, Jianhao Yin, Hong Yu, Zhongai Jiang, Chunyu Zhou",Frontiers in Marine Science,2024,国内,21,10.3389/fmars.2024.1358209,W4394813765
D1,水产养殖智能投喂与摄食行为智能感知,16,Augmenting Aquaculture Efficiency through Involutional Neural Networks and Self-Attention for Oplegnathus Punctatus Feeding Intensity Classification from Log Mel Spectrograms,"Usama Iqbal, Daoliang Li, Zhuangzhuang Du, Muhammad Akhter, Zohaib Mushtaq, Muhammad Farrukh Qureshi, Hafiz Abbad Ur Rehman",Animals,2024,国内(合作),16,10.3390/ani14111690,W4399365488
D1,水产养殖智能投喂与摄食行为智能感知,17,FCFormer: fish density estimation and counting in recirculating aquaculture system,"Kaijie Zhu, Xinting Yang, Caiwei Yang, Tingting Fu, Pingchuan Ma, Weichen Hu",Frontiers in Marine Science,2024,国内,15,10.3389/fmars.2024.1370786,W4393040883
D1,水产养殖智能投喂与摄食行为智能感知,18,An integrated three-stream network model for discriminating fish feeding intensity using multi-feature analysis and deep learning,"Yanbin Dong, Shilong Zhao, Yuqing Wang, Kewei Cai, Hongshuai Pang, Ying Liu",PLoS ONE,2024,国内,14,10.1371/journal.pone.0310356,W4403598461
D1,水产养殖智能投喂与摄食行为智能感知,19,Deep Learning-Based Fish Detection Using Above-Water Infrared Camera for Deep-Sea Aquaculture: A Comparison Study,"Gen Li, Zidan Yao, Yu Hu, Anji Lian, Taiping Yuan, Guoliang Pang, Xiaohua Huang",Sensors,2024,国内,14,10.3390/s24082430,W4394720776
D1,水产养殖智能投喂与摄食行为智能感知,20,Survey on machine vision-based intelligent water quality monitoring techniques in water treatment plant: Fish activity behavior recognition-based schemes and applications,"Pengfei Xu, Xianyi Liu, Jinping Liu, Meiling Cai, Ying Zhou, Shanshan Hu, Minlian Chen",Demonstratio Mathematica,2024,国内,5,10.1515/dema-2024-0010,W4402786781
D1,水产养殖智能投喂与摄食行为智能感知,21,The contribution of aquaculture systems to global aquaculture production,"M.C.J. Verdegem, Alejandro H. Buschmann, U. Win Latt, Anne Johanne Tang Dalsgaard, A. Lovatelli",Journal of the World Aquaculture Society,2023,国外,308,10.1111/jwas.12963,W4376139793
D1,水产养殖智能投喂与摄食行为智能感知,22,Dynamics of aquaculture governance,"Curtis M. Jolly, Beatrice Nyandat, Zhengyong Yang, Neil B. Ridler, Felipe Matias, Zhiyi Zhang, Pierre Murekezi, Ana Maria Baptista Menezes",Journal of the World Aquaculture Society,2023,国内(合作),91,10.1111/jwas.12967,W4367183686
D1,水产养殖智能投喂与摄食行为智能感知,23,A review on the recent advances and application of vaccines against fish pathogens in aquaculture,"Haimanti Mondal, John Thomas",Aquaculture International,2022,国外,225,10.1007/s10499-022-00884-w,W4225263887
D1,水产养殖智能投喂与摄食行为智能感知,24,A 20-year retrospective review of global aquaculture,"Rosamond L. Naylor, Ronald W. Hardy, Alejandro H. Buschmann, Simon R. Bush, Ling Cao, Dane H. Klinger, David C. Little, Jane Lubchenco, Sandra E. Shumway, Max Troell",Nature,2021,国内(合作),2234,10.1038/s41586-021-03308-6,W3139026324
D1,水产养殖智能投喂与摄食行为智能感知,25,An overview of disruptive technologies for aquaculture,"Kangning Yue, Yubang Shen",Aquaculture and Fisheries,2021,国内(合作),212,10.1016/j.aaf.2021.04.009,W3171682240
D2,水下图像增强与水下目标检测识别,1,A Comprehensive Survey on Underwater Image Enhancement Based on Deep Learning,"Xiaofeng Cong, Yu Zhao, Jie Gui, Junming Hou, Dacheng Tao",IEEE Transactions on Emerging Topics in Computational Intelligence,2026,国外,18,10.1109/tetci.2026.3668671,W7143377352
D2,水下图像增强与水下目标检测识别,2,Advancing Underwater Vision: A Survey of Deep Learning Models for Underwater Object Recognition and Tracking,"Mahmoud Elmezain, Lyes Saad Saoud, Atif Sultan, Mohamed Heshmat, Lakmal Seneviratne, Irfan Hussain",IEEE Access,2025,国外,115,10.1109/access.2025.3534098,W4406812022
D2,水下图像增强与水下目标检测识别,3,WaterCycleDiffusion: Visual–textual fusion empowered underwater image enhancement,"Hao Wang, Weibo Zhang, Yinghao Xu, Huanyu Li, Peng Ren",Information Fusion,2025,国内(合作),96,10.1016/j.inffus.2025.103693,W4414077958
D2,水下图像增强与水下目标检测识别,4,Adaptive deep learning framework for robust unsupervised underwater image enhancement,"Alzayat Saleh, Marcus Sheaves, Dean R. Jerry, Mostafa Rahimi Azghadi",Expert Systems with Applications,2025,国外,92,10.1016/j.eswa.2024.126314,W4405997983
D2,水下图像增强与水下目标检测识别,5,HCMPE-Net: An unsupervised network for underwater image restoration with multi-parameter estimation based on homology constraint,"Dan Xiang, Dengyu He, Haowei Sun, Pan Gao, Jinwen Zhang, Jing Ling",Optics & Laser Technology,2025,国内,87,10.1016/j.optlastec.2025.112616,W4407805476
D2,水下图像增强与水下目标检测识别,6,Unveiling the underwater world: CLIP perception model-guided underwater image enhancement,"Jiangzhong Cao, Zekai Zeng, Xu Zhang, Huan Zhang, Huan Zhang, C.M. Fan, Gangyi Jiang, Weisi Lin",Pattern Recognition,2025,国内,32,10.1016/j.patcog.2025.111395,W4406781740
D2,水下图像增强与水下目标检测识别,7,Comparative Analysis of Traditional and Deep Learning Approaches for Underwater Remote Sensing Image Enhancement: A Quantitative Study,"Yunsheng Ma, Yanan Cheng, Dapeng Zhang",Journal of Marine Science and Engineering,2025,国内,16,10.3390/jmse13050899,W4410069170
D2,水下图像增强与水下目标检测识别,8,UADiff: A Deep Underwater Image Enhancement Network Using Generative Diffusion Prior and Uncertainty-Aware Learning,"Yang Ou, Alireza Esmaeilzehi, M. Omair Ahmad, M.N.S. Swamy",IEEE Transactions on Geoscience and Remote Sensing,2025,国内,12,10.1109/tgrs.2025.3578927,W4411688614
D2,水下图像增强与水下目标检测识别,9,HCLR-Net: Hybrid Contrastive Learning Regularization with Locally Randomized Perturbation for Underwater Image Enhancement,"Jingchun Zhou, Jiaming Sun, Chongyi Li, Qiuping Jiang, Man Zhou, Kin‐Man Lam, Weishi Zhang, Xianping Fu",International Journal of Computer Vision,2024,国内,203,10.1007/s11263-024-01987-y,W4391520444
D2,水下图像增强与水下目标检测识别,10,DICAM: Deep Inception and Channel-wise Attention Modules for underwater image enhancement,"Hamidreza Farhadi Tolie, Jinchang Ren, Eyad Elyan",Neurocomputing,2024,国外,132,10.1016/j.neucom.2024.127585,W4393128698
D2,水下图像增强与水下目标检测识别,11,Underwater dam crack image generation based on unsupervised image-to-image translation,"Ben Huang, Fei Kang, Xinyu Li, Sisi Zhu",Automation in Construction,2024,国内,112,10.1016/j.autcon.2024.105430,W4395688050
D2,水下图像增强与水下目标检测识别,12,INSPIRATION: A reinforcement learning-based human visual perception-driven image enhancement paradigm for underwater scenes,"Hao Wang, Shixin Sun, Laibin Chang, Huanyu Li, Wenwen Zhang, Alejandro C. Frery, Peng Ren",Engineering Applications of Artificial Intelligence,2024,国内,101,10.1016/j.engappai.2024.108411,W4394629801
D2,水下图像增强与水下目标检测识别,13,Is Underwater Image Enhancement All Object Detectors Need?,"Yudong Wang, Jichang Guo, Wanru He, Huan Gao, Huihui Yue, Z. Zhang, Chong Li",IEEE Journal of Oceanic Engineering,2024,国内,99,10.1109/joe.2023.3302888,W4390493314
D2,水下图像增强与水下目标检测识别,14,Real-time underwater object detection technology for complex underwater environments based on deep learning,"Hui Zhou, Meiwei Kong, Hexiang Yuan, Yanyan Pan, Xinru Wang, Rong Chen, Weiheng Lu, Ruizhi Wang, Qunhui Yang",Ecological Informatics,2024,国内,96,10.1016/j.ecoinf.2024.102680,W4399517126
D2,水下图像增强与水下目标检测识别,15,Self-organized underwater image enhancement,"Hao Wang, Weibo Zhang, Peng Ren",ISPRS Journal of Photogrammetry and Remote Sensing,2024,国内,91,10.1016/j.isprsjprs.2024.06.019,W4400142372
D2,水下图像增强与水下目标检测识别,16,Edge‐guided representation learning for underwater object detection,"Linhui Dai, Hong Liu, Pinhao Song, Hao Tang, Runwei Ding, Shengquan Li",CAAI Transactions on Intelligence Technology,2024,国内,82,10.1049/cit2.12325,W4393443761
D2,水下图像增强与水下目标检测识别,17,Underwater Image Enhancement With Cascaded Contrastive Learning,"Yi Liu, Qiuping Jiang, Xinyi Wang, Ting Luo, Jingchun Zhou",IEEE Transactions on Multimedia,2024,国内,68,10.1109/tmm.2024.3521739,W4405755025
D2,水下图像增强与水下目标检测识别,18,TAFormer: A Transmission-Aware Transformer for Underwater Image Enhancement,"Yuanyuan Li, Zetian Mi, Yulin Wang, Shuaiyong Jiang, Xianping Fu",IEEE Transactions on Circuits and Systems for Video Technology,2024,国内,58,10.1109/tcsvt.2024.3455353,W4402299949
D2,水下图像增强与水下目标检测识别,19,Underwater Salient Object Detection via Dual-Stage Self-Paced Learning and Depth Emphasis,"Jin Jianhui, Qiuping Jiang, Qingyuan Wu, Binwei Xu, Runmin Cong",IEEE Transactions on Circuits and Systems for Video Technology,2024,国内,46,10.1109/tcsvt.2024.3491907,W4404056751
D2,水下图像增强与水下目标检测识别,20,DDformer: Dimension decomposition transformer with semi-supervised learning for underwater image enhancement,"Zhi Gao, Jing Yang, Fengling Jiang, Xixiang Jiao, Kia Dashtipour, Mandar Gogate, Amir Hussain",Knowledge-Based Systems,2024,国内,42,10.1016/j.knosys.2024.111977,W4398744633
D2,水下图像增强与水下目标检测识别,21,DMML: Deep Multi-Prior and Multi-Discriminator Learning for Underwater Image Enhancement,"Alireza Esmaeilzehi, Yang Ou, M. Omair Ahmad, M.N.S. Swamy",IEEE Transactions on Broadcasting,2024,国内(合作),27,10.1109/tbc.2024.3349773,W4391216887
D2,水下图像增强与水下目标检测识别,22,DCGF: Diffusion-Color-Guided Framework for Underwater Image Enhancement,"Yuhan Zhang, Jieyu Yuan, Zhanchuan Cai",IEEE Transactions on Geoscience and Remote Sensing,2024,国内(合作),26,10.1109/tgrs.2024.3522685,W4405778964
D2,水下图像增强与水下目标检测识别,23,A systematic review and analysis of deep learning-based underwater object detection,"Shubo Xu, Minghua Zhang, Wei Song, Haibin Mei, Qi He, Antonio Liotta",Neurocomputing,2023,国内,314,10.1016/j.neucom.2023.01.056,W4315498985
D2,水下图像增强与水下目标检测识别,24,Twin Adversarial Contrastive Learning for Underwater Image Enhancement and Beyond,"Risheng Liu, Zhiying Jiang, Shuzhou Yang, Xin Fan",IEEE Transactions on Image Processing,2022,国内,386,10.1109/tip.2022.3190209,W4285821234
D2,水下图像增强与水下目标检测识别,25,UIEC^2-Net: CNN-based underwater image enhancement using two color space,"Yudong Wang, Jichang Guo, Huan Gao, Huihui Yue",Signal Processing Image Communication,2021,国内,379,10.1016/j.image.2021.116250,W3153781409
D2,水下图像增强与水下目标检测识别,26,Internet of underwater things and big marine data analytics – a comprehensive survey,"Mohammad Jahanbakht, Xiang, Wei, Hanzo, Lajos, Azghadi, Mostafa Rahimi",ResearchOnline at James Cook University (James Cook University),2021,国外,318,,W3121887140
D2,水下图像增强与水下目标检测识别,27,Lightweight Deep Neural Network for Joint Learning of Underwater Object Detection and Color Conversion,"Chia-Hung Yeh, Chu-Han Lin, Li-Wei Kang, Chih-Hsiang Huang, Min-Hui Lin, Chuan‐Yu Chang, Chua‐Chin Wang",IEEE Transactions on Neural Networks and Learning Systems,2021,国外,262,10.1109/tnnls.2021.3072414,W3159459366
D3,养殖水质与环境时序预测预警,1,Advanced machine learning models for robust prediction of water quality index and classification,"Abdessamad Elmotawakkil, Nourddine Enneya, Suraj Kumar Bhagat, Mohamed Ouda, Vikram Kumar",Journal of Hydroinformatics,2025,国外,62,10.2166/hydro.2025.290,W4407102089
D3,养殖水质与环境时序预测预警,2,Data-driven prediction of effluent quality in wastewater treatment processes: Model performance optimization and missing-data handling,"Zhicheng Deng, Jinquan Wan, Gang Ye, Yan Wang",Journal of Water Process Engineering,2025,国内,26,10.1016/j.jwpe.2025.107352,W4407961593
D3,养殖水质与环境时序预测预警,3,Machine Learning on Low-Cost Edge Devices for Real-Time Water Quality Prediction in Tilapia Aquaculture,"Pinit Nuangpirom, Siwasit Pitjamit, Veerachai Jaikampan, Chanotnon Peerakam, Wasawat Nakkiew, Parida Jewpanya",Sensors,2025,国外,14,10.3390/s25196159,W4414860890
D3,养殖水质与环境时序预测预警,4,Surface water quality classification and prediction model based on multiple machine learning algorithms,"Gao Man, Qian Yun, Qilin Zhang, Liu Yuyong, Zhang Zhuoshi",Scientific Reports,2025,国内,11,10.1038/s41598-025-23775-5,W4416226477
D3,养殖水质与环境时序预测预警,5,Dissolved Oxygen Modeling by a Bayesian-Optimized Explainable Artificial Intelligence Approach,"Qiulin Li, Jinchao He, Dewei Mu, Hao Liu, Shicheng Li",Applied Sciences,2025,国内,10,10.3390/app15031471,W4407035260
D3,养殖水质与环境时序预测预警,6,Rapid Prediction and Inversion of Pond Aquaculture Water Quality Based on Hyperspectral Imaging by Unmanned Aerial Vehicles,"Qiliang Ma, Shuimiao Li, Hengnian Qi, Xiaoming Yang, Mei Liu",Water,2025,国内,8,10.3390/w17040517,W4407353861
D3,养殖水质与环境时序预测预警,7,Estimation of water quality in coastal aquaculture waters using the combination of machine learning and unmanned aerial vehicle multispectral imagery,"Weiqiang Li, Min Ren, Haibo Zhang, Yue Duan, Daosheng Chen, S. Li, Mingshan Xu, Lihua Wang, Xiaodong Yang",Aquaculture,2025,国内,8,10.1016/j.aquaculture.2025.743002,W4412672664
D3,养殖水质与环境时序预测预警,8,Advances in machine learning and IoT for water quality monitoring: A comprehensive review,"Ismail Essamlali, Hasna Nhaila, Mohamed El Khaïli",Heliyon,2024,国外,254,10.1016/j.heliyon.2024.e27920,W4392747860
D3,养殖水质与环境时序预测预警,9,Reliable water quality prediction and parametric analysis using explainable AI models,"M. K. Nallakaruppan, E. Gangadevi, M. Lawanya Shri, Balamurugan Balusamy, Sweta Bhattacharya, Shitharth Selvarajan",Scientific Reports,2024,国外,146,10.1038/s41598-024-56775-y,W4393306481
D3,养殖水质与环境时序预测预警,10,A Comprehensive Review of Machine Learning for Water Quality Prediction over the Past Five Years,"Xiaohui Yan, Tianqi Zhang, Wenying Du, Qingjia Meng, Xinghan Xu, Xiang Zhao",Journal of Marine Science and Engineering,2024,国内,117,10.3390/jmse12010159,W4390880644
D3,养殖水质与环境时序预测预警,11,An Intelligent Early Warning System for Harmful Algal Blooms: Harnessing the Power of Big Data and Deep Learning,"Jing Qian, Li Qian, Nan Pu, Yonghong Bi, Andre Wilhelms, Stefan Norra",Environmental Science & Technology,2024,国内(合作),57,10.1021/acs.est.3c03906,W4392381527
D3,养殖水质与环境时序预测预警,12,"Assessing and predicting water quality index with key water parameters by machine learning models in coastal cities, China","Jing Xu, Yuming Mo, Senlin Zhu, Jinran Wu, Guangqiu Jin, You‐Gan Wang, Qingfeng Ji, Ling Li",Heliyon,2024,国内,44,10.1016/j.heliyon.2024.e33695,W4400138865
D3,养殖水质与环境时序预测预警,13,A Machine-Learning-Based Framework for Retrieving Water Quality Parameters in Urban Rivers Using UAV Hyperspectral Images,"Liu Bing, Tianhong Li",Remote Sensing,2024,国内,39,10.3390/rs16050905,W4392380908
D3,养殖水质与环境时序预测预警,14,Estimation of Non-Optically Active Water Quality Parameters in Zhejiang Province Based on Machine Learning,"Lingfang Gao, Yulin Shangguan, Sun Zhong, Qiaohui Shen, Zhou Shi",Remote Sensing,2024,国内,38,10.3390/rs16030514,W4391351274
D3,养殖水质与环境时序预测预警,15,Dissolved oxygen prediction using regularized extreme learning machine with clustering mechanism in a black bass aquaculture pond,"Pei Shi, Liang Kuang, Limin Yuan, Quan Wang, Guanghui Li, Yuan Yongming, Yonghong Zhang, Guangyan Huang",Aquacultural Engineering,2024,国内(合作),27,10.1016/j.aquaeng.2024.102408,W4391539745
D3,养殖水质与环境时序预测预警,16,Deep Learning for Water Quality Prediction—A Case Study of the Huangyang Reservoir,"Jixuan Chen, Xiaojuan Wei, Yinxiao Liu, Chunxia Zhao, Zhenan Liu, Zhikang Bao",Applied Sciences,2024,国内,16,10.3390/app14198755,W4402989430
D3,养殖水质与环境时序预测预警,17,Short-term prediction of dissolved oxygen and water temperature using deep learning with dual proportional-integral-derivative error corrector in pond culture,"Xinhui Zhou, Yinfeng Hao, Yang Liu, Lanxue Dang, Baojun Qiao, Xianyu Zuo",Engineering Applications of Artificial Intelligence,2024,国内,16,10.1016/j.engappai.2024.109964,W4405936041
D3,养殖水质与环境时序预测预警,18,Prediction Model of Ammonia Nitrogen Concentration in Aquaculture Based on Improved AdaBoost and LSTM,"Yiyang Wang, Dehao Xu, Xianpeng Li, Wei Wang",Mathematics,2024,国内(合作),16,10.3390/math12050627,W4391953685
D3,养殖水质与环境时序预测预警,19,Accurate Prediction of Dissolved Oxygen in Perch Aquaculture Water by DE-GWO-SVR Hybrid Optimization Model,"Xingsheng Bao, Yilun Jiang, Lintong Zhang, Bo Liu, Linjie Chen, Wenqing Zhang, Lihang Xie, Xinze Liu, Fangfang Qu, Renye Wu",Applied Sciences,2024,国内,15,10.3390/app14020856,W4391034898
D3,养殖水质与环境时序预测预警,20,Prediction of the Dissolved Oxygen Content in Aquaculture Based on the CNN-GRU Hybrid Neural Network,"Ying Ma, Qiwei Fang, Shengwei Xia, Yu Zhou",Water,2024,国内,13,10.3390/w16243547,W4405241160
D3,养殖水质与环境时序预测预警,21,A dissolved oxygen levels prediction method based on single-hidden layer feedforward neural network using neighborhood information metric,"Luo Yongming, Jingjing Hu, Gangqiang Zhang, Pengfei Zhang, Ying Xie, Zhaomin Kuang, Zeng Xingji, Shushi Li",Applied Soft Computing,2024,国内,10,10.1016/j.asoc.2024.112328,W4403312192
D3,养殖水质与环境时序预测预警,22,ISSA optimized spatiotemporal prediction model of dissolved oxygen for marine ranching integrating DAM and Bi-GRU,"Wenjing Liu, Ji Wang, Zhenhua Li, Qi-Zirui Lu",Frontiers in Marine Science,2024,国内,4,10.3389/fmars.2024.1473551,W4403490589
D3,养殖水质与环境时序预测预警,23,"Harmful Cyanobacterial Blooms: Biological Traits, Mechanisms, Risks, and Control Strategies","Lirong Song, Yunlu Jia, Boqiang Qin, Renhui Li, Wayne W. Carmichael, Nanqin Gan, Hai Xu, Kun Shan, Assaf Sukenik",Annual Review of Environment and Resources,2023,国内,112,10.1146/annurev-environ-112320-081653,W4386553240
D3,养殖水质与环境时序预测预警,24,A review of the application of machine learning in water quality evaluation,"Mengyuan Zhu, Jiawei Wang, Xiao Yang, Yu Zhang, Linyu Zhang, Hongqiang Ren, Bing Wu, Lin Ye",Eco-Environment & Health,2022,国内,785,10.1016/j.eehl.2022.06.001,W4284958113
D3,养殖水质与环境时序预测预警,25,A comprehensive method for improvement of water quality index (WQI) models for coastal water quality assessment,"Md Galal Uddin, Stephen Nash, Azizur Rahman, Agnieszka I. Olbert",Water Research,2022,国外,378,10.1016/j.watres.2022.118532,W4225248915
D3,养殖水质与环境时序预测预警,26,"A Hybrid Model for Water Quality Prediction Based on an Artificial Neural Network, Wavelet Transform, and Long Short-Term Memory","Tunhua Wu, Zhaocai Wang",Water,2022,国内,212,10.3390/w14040610,W4212928315
D3,养殖水质与环境时序预测预警,27,Widespread deoxygenation of temperate lakes,"Stephen F. Jane, Gretchen J. A. Hansen, Benjamin M. Kraemer, Peter R. Leavitt, Joshua L. Mincer, Rebecca L. North, Rachel M. Pilla, Jonathan T. Stetler, Craig E. Williamson, R. Iestyn Woolway, Лаури Арвола, Sudeep Chandra",Nature,2021,国外,708,10.1038/s41586-021-03550-y,W3165282863
D4,水产动物病害智能诊断与健康评估,1,An Edge-Ready Lightweight Computer Vision Framework for On-Site Fish Disease Detection in Aquaculture Management,"Jiawen Li, Weidong Zhang, Shengzhao Xiao, Xuanzhong Chen, Yuesheng Huang, Jujian Lv, Kaihan Lin, Xianglei Hu, Xianxian Zeng, Rongjun Chen",Fishes,2026,国内,2,10.3390/fishes11050280,W7160856879
D4,水产动物病害智能诊断与健康评估,2,YOLO-TPS: A Multi-Module Synergistic High-Precision Fish-Disease Detection Model for Complex Aquaculture Environments,"Cheng Ouyang, Hao Peng, Mingyu Tan, Lin Yang, Jingtao Deng, Jiang Pin, Wenwu Hu, Yi Wang",Animals,2025,国内,13,10.3390/ani15162356,W4413182513
D4,水产动物病害智能诊断与健康评估,3,Detection and identification of fish skin lesions in the underwater environment based on improved YOLOv8 model for aquaculture,"Duanrui Wang, Hongjian Lv, Xingyue Zhu, Qiwei Qin, Shaowen Wang, Haibin Ye, Yi Shi, Chi-Chang Wu",Aquaculture,2025,国内,11,10.1016/j.aquaculture.2025.742722,W4410495816
D4,水产动物病害智能诊断与健康评估,4,FDMNet: A Multi-Task Network for Joint Detection and Segmentation of Three Fish Diseases,"Zhuofu Liu, Zigan Yan, G. Li",Journal of Imaging,2025,国内,7,10.3390/jimaging11090305,W4414065275
D4,水产动物病害智能诊断与健康评估,5,Building a fish disease detection application based on Smart Fishery with Image Processing and Deep Learning,"Rista Aryanti, Ari Purno Wahyu Wibowo",Brilliance Research of Artificial Intelligence,2025,国外,5,10.47709/brilliance.v5i1.5719,W4412528154
D4,水产动物病害智能诊断与健康评估,6,FishMambaNet: A Mamba-Based Vision Model for Detecting Fish Diseases in Aquaculture,"Zhijie Luo, Rui Chen, Shaoxin Li, Jianhua Zheng, Jianjun Guo",Fishes,2025,国内,3,10.3390/fishes10120649,W4417381806
D4,水产动物病害智能诊断与健康评估,7,GAB-YOLO: a lightweight deep learning model for real-time detection of abnormal behaviors in juvenile greater amberjack fish,"Mingxin Liu, Chun Zhang, Cong Lin",Frontiers in Marine Science,2025,国内,3,10.3389/fmars.2025.1574580,W4410215962
D4,水产动物病害智能诊断与健康评估,8,Integration of contrast-adaptive colour correction and convolutional neural network for cryptocaryon fish disease detection,"Nor Hazlyna Harun, Siti Naquiah Md Pauzi, Mohamad Ghozali Hassan, Nooraini Yusoff, Beng Chu Kua, Neil Gordon",Aquaculture and Fisheries,2025,国内,1,10.1016/j.aaf.2025.11.008,W7117799086
D4,水产动物病害智能诊断与健康评估,9,YOLO-FD: An accurate fish disease detection method based on multi-task learning,"Xuefei Li, Shili Zhao, Chunlin Chen, Hongwu Cui, Daoliang Li, Ran Zhao",Expert Systems with Applications,2024,国内,76,10.1016/j.eswa.2024.125085,W4401629867
D4,水产动物病害智能诊断与健康评估,10,"Cutting‐edge technologies for detecting and controlling fish diseases: Current status, outlook, and challenges","Sk Injamamul Islam, Foysal Ahammad, Haitham H. Mohammed",Journal of the World Aquaculture Society,2024,国外,75,10.1111/jwas.13051,W4391329649
D4,水产动物病害智能诊断与健康评估,11,Rapid detection of fish with SVC symptoms based on machine vision combined with a NAM-YOLO v7 hybrid model,"Yaoyi Cai, Zekai Yao, Haibo Jiang, Wei Qin, Jun Xiao, Xiuxiang Huang, Jiaji Pan, Hao Feng",Aquaculture,2024,国内,63,10.1016/j.aquaculture.2024.740558,W4390640160
D4,水产动物病害智能诊断与健康评估,12,Empirical Evaluation of Deep Learning Techniques for Fish Disease Detection in Aquaculture Systems: A Transfer Learning and Fusion-Based Approach,"Subir Biswas, Debendra Muduli, Md Ariful Islam, Anuradha Kanade, Abu Taha Zamani, Shantanu Kanade, Nikhat Parveen",IEEE Access,2024,国外,30,10.1109/access.2024.3504283,W4404563145
D4,水产动物病害智能诊断与健康评估,13,Multi-object detection and behavior tracking of sea cucumbers with skin ulceration syndrome based on deep learning,"Fengli Ge, Kui Xuan, Peng Lou, Juan Li, Lingxu Jiang, Jia-Sheng Wang, Qi Lin",Frontiers in Marine Science,2024,国内,6,10.3389/fmars.2024.1365155,W4393155240
D4,水产动物病害智能诊断与健康评估,14,SHRIMPAI: A Mobile Application for the Early Detection of White Spot Syndrome Virus in Shrimp Using Convolutional Neural Network,"Marylene S. Eder, Kenneth C. Ampolitod, Narbie H. Bolao, Randyl Joy A. Pajal, Erika May D. Racho",Mindanao Journal of Science and Technology,2024,国外,2,10.61310/mjst.v22i2.2189,W4406774145
D4,水产动物病害智能诊断与健康评估,15,Emerging technologies revolutionising disease diagnosis and monitoring in aquatic animal health,"Kailash Bohara, Pabitra Joshi, Krishna Prasad Acharya, Grace Ramena",Reviews in Aquaculture,2023,国外,68,10.1111/raq.12870,W4388015873
D4,水产动物病害智能诊断与健康评估,16,Research progress of computer vision technology in abnormal fish detection,"Chunhong Liu, Zhiyong Wang, Yachao Li, Zhenzuo Zhang, Jiawei Li, Xu Chen, Rongxiang Du, Daoliang Li, Qingling Duan",Aquacultural Engineering,2023,国内,63,10.1016/j.aquaeng.2023.102350,W4385455667
D4,水产动物病害智能诊断与健康评估,17,Detection and Identification of Fish Skin Health Status Referring to Four Common Diseases Based on Improved YOLOv4 Model,"Gangyi Yu, Junbo Zhang, Ao Chen, Rong Wan",Fishes,2023,国内,48,10.3390/fishes8040186,W4362474433
D4,水产动物病害智能诊断与健康评估,18,Advanced Techniques for the Intelligent Diagnosis of Fish Diseases: A Review,"Daoliang Li, Xin Li, Qi Wang, Yinfeng Hao",Animals,2022,国内,109,10.3390/ani12212938,W4307291335
D4,水产动物病害智能诊断与健康评估,19,Moving towards improved surveillance and earlier diagnosis of aquatic pathogens: From traditional methods to emerging technologies,"Scott MacAulay, Amy Ellison, Peter Kille, Jo Cable",Reviews in Aquaculture,2022,国外,99,10.1111/raq.12674,W4220991231
D5,边缘智能与轻量化模型部署（养殖物联网）,1,"Edge Computing-Enabled Smart Agriculture: Technical Architectures, Practical Evolution, and Bottleneck Breakthroughs","Ran Gong, Hongyang Zhang, Gang Li, Jiamin He",Sensors,2025,国内,75,10.3390/s25175302,W4413641431
D5,边缘智能与轻量化模型部署（养殖物联网）,2,"Cloud–edge–device collaborative computing in smart agriculture: architectures, applications, and future perspectives","Pengpeng Yu, Fei Teng, Wenhui Zhu, Chaoping Shen, Zhenping Chen, Jinxiu Song",Frontiers in Plant Science,2025,国内,73,10.3389/fpls.2025.1668545,W4415172590
D5,边缘智能与轻量化模型部署（养殖物联网）,3,"Smart technologies in aquaculture: An integrated IoT, AI, and blockchain framework for sustainable growth","Prince Jebedass Isaac Chandran, Hana Ahmed Khalil, PK Hashir, S Veerasingam",Aquacultural Engineering,2025,国外,34,10.1016/j.aquaeng.2025.102584,W4411227635
D5,边缘智能与轻量化模型部署（养殖物联网）,4,Research Status and Development Trends of Artificial Intelligence in Smart Agriculture,"Cui Ge, Guangjian Zhang, Yijie Wang, Dandan Shao, Xiangjin Song, Zhaowei Wang",Agriculture,2025,国内,33,10.3390/agriculture15212247,W4415625372
D5,边缘智能与轻量化模型部署（养殖物联网）,5,A Narrative Review on Smart Sensors and IoT Solutions for Sustainable Agriculture and Aquaculture Practices,"Liwei Liu, Winton Cheng, Hsin‐Wei Kuo",Sustainability,2025,国外,26,10.3390/su17125256,W4411092850
D5,边缘智能与轻量化模型部署（养殖物联网）,6,Real-time rapid visual fish disease detection system based on tiny machine learning,"Jiayi Wang, Yihan Yin, Jinqi Yang, Feiyu Zhu, Daoliang Li, Yang Wang",Aquaculture International,2025,国内,6,10.1007/s10499-025-02256-6,W4415019914
D5,边缘智能与轻量化模型部署（养殖物联网）,7,Design and Implementation of a Cost-Effective IoT-Based Monitoring and Alerting System for Recirculating Aquaculture Systems (RAS),Emmanouil E. Malandrakis,Sensors,2025,国外,6,10.3390/s25216692,W4415820017
D5,边缘智能与轻量化模型部署（养殖物联网）,8,UOD-YOLO: a lightweight real-time model for detecting marine organisms,"Yijie Xi, Jingbo Yin",Frontiers in Marine Science,2025,国内,4,10.3389/fmars.2025.1728563,W4417416306
D5,边缘智能与轻量化模型部署（养殖物联网）,9,A review of the application prospects of cloud-edge-end collaborative technology in freshwater aquaculture,"Jihao Wang, Xiaochan Wang, Yinyan Shi, Haihui Yang, Bo Jia, Xiaolei Zhang, Lebin Lin",Artificial Intelligence in Agriculture,2025,国内,2,10.1016/j.aiia.2025.02.008,W4408149023
D5,边缘智能与轻量化模型部署（养殖物联网）,10,How the internet of things technology improves agricultural efficiency,"Amenu Leta Duguma, Xiuguang Bai",Artificial Intelligence Review,2024,国内(合作),111,10.1007/s10462-024-11046-0,W4405660177
D5,边缘智能与轻量化模型部署（养殖物联网）,11,Achieving the Rewards of Smart Agriculture,"Jian Zhang, Dawn E. Trautman, Yingnan Liu, Chunguang Bi, Wei Chen, Lijun Ou, Randy Goebel",Agronomy,2024,国内(合作),23,10.3390/agronomy14030452,W4392162769
D5,边缘智能与轻量化模型部署（养殖物联网）,12,A lightweight underwater fish image semantic segmentation model based on U‐Net,"Zhenkai Zhang, Wanghua Li, Boon‐Chong Seet",IET Image Processing,2024,国内,12,10.1049/ipr2.13161,W4400054566
D5,边缘智能与轻量化模型部署（养殖物联网）,13,Improved YOLOv5 Algorithm for Real-Time Prediction of Fish Yield in All Cage Schools,"Lei Wang, Lingzhi Chen, Bo Peng, Ying‐Tien Lin",Journal of Marine Science and Engineering,2024,国内,12,10.3390/jmse12020195,W4391139596
D5,边缘智能与轻量化模型部署（养殖物联网）,14,Empowered edge intelligent aquaculture with lightweight Kubernetes and GPU-embedded,"Halim Fathoni, Chao‐Tung Yang, Chin‐Yin Huang, Chien‐Yi Chen",Wireless Networks,2024,国外,9,10.1007/s11276-023-03592-2,W4390640254
D5,边缘智能与轻量化模型部署（养殖物联网）,15,The Path to Smart Farming: Innovations and Opportunities in Precision Agriculture,"E. M. B. M. Karunathilake, Anh Tuan Le, Seong Heo, Yong Suk Chung, Sheikh Mansoor",Agriculture,2023,国外,774,10.3390/agriculture13081593,W4385759708
D5,边缘智能与轻量化模型部署（养殖物联网）,16,"IoT-Equipped and AI-Enabled Next Generation Smart Agriculture: A Critical Review, Current Challenges and Future Trends","Sameer Qazi, Bilal A. Khawaja, Qazi Umar Farooq",IEEE Access,2022,国外,408,10.1109/access.2022.3152544,W4213119020
D5,边缘智能与轻量化模型部署（养殖物联网）,17,An improved algae-YOLO model based on deep learning for object detection of ocean microalgae considering aquacultural lightweight deployment,"Dan Liu, Pengqi Wang, Yuan Cheng, Hai Bi",Frontiers in Marine Science,2022,国内,29,10.3389/fmars.2022.1070638,W4309739659
D5,边缘智能与轻量化模型部署（养殖物联网）,18,From Smart Farming towards Unmanned Farms: A New Mode of Agricultural Production,"Tan Wang, Xianbao Xu, Cong Wang, Zhen Li, Daoliang Li",Agriculture,2021,国内,133,10.3390/agriculture11020145,W3126746857
D6,多模态大模型与海洋渔业知识智能,1,Large language models for sustainable water management: A review,"Muhammad Arslan, Saba Munawar",Sustainable Cities and Society Advances,2026,国外,3,10.1016/j.scsadv.2026.100044,W7133121485
D6,多模态大模型与海洋渔业知识智能,2,FMRAG: retrieval-augmented multimodal large language models for fisheries intelligence,"Yao Song, Chunli Lv, Kun Zhu",Frontiers in Marine Science,2026,国内,1,10.3389/fmars.2026.1801835,W7154727408
D6,多模态大模型与海洋渔业知识智能,3,🧜Siren’s Song in the AI Ocean: A Survey on Hallucination in Large Language Models,"Yue Zhang, Yafu Li, Leyang Cui, Cai Deng, Lemao Liu, Tingchen Fu, Xinting Huang, Enbo Zhao, Yanwen Zhang, Yulong Chen, Longyue Wang, Ahn Tuan Luu",Computational Linguistics,2025,国内(合作),230,10.1162/coli.a.16,W4412158322
D6,多模态大模型与海洋渔业知识智能,4,Integrating Artificial Intelligence Agents with the Internet of Things for Enhanced Environmental Monitoring: Applications in Water Quality and Climate Data,"Tymoteusz Miller, Irmina Durlik, Ewelina Kostecka, Polina Kozlovska, Adrianna Łobodzińska, S. Sokołowska, Agnieszka Nowy",Electronics,2025,国外,190,10.3390/electronics14040696,W4407389811
D6,多模态大模型与海洋渔业知识智能,5,"Towards domain-adapted large language models for water and wastewater management: methods, datasets and benchmarking","Boyan Xu, Guanlan Wu, Zihao Li, Guangming Xu, Huabin Zeng, Rui Tong, How Yong Ng",npj Clean Water,2025,国内,19,10.1038/s41545-025-00509-8,W4413676832
D6,多模态大模型与海洋渔业知识智能,6,Underwater image enhancement by diffusion model with customized CLIP-classifier,"Shuaixin Liu, Kunqian Li, Yilin Ding, Qi Qi",Pattern Recognition,2025,国内,19,10.1016/j.patcog.2025.112232,W4413244761
D6,多模态大模型与海洋渔业知识智能,7,Assessing Large Multimodal Models for Urban Floodwater Depth Estimation,"Heng Lyu, Shunan Zhou, Ze Wang, Guangtao Fu, Chi Zhang",Water Resources Research,2025,国内,16,10.1029/2024wr039494,W4409375358
D6,多模态大模型与海洋渔业知识智能,8,FishDetectLLM: Multimodal instruction tuning with large language models for fish detection,"Jiaxin Zhu, Shibai Yin, Xin Liu, Xingyang Wang, Yee‐Hong Yang",Knowledge-Based Systems,2025,国外,10,10.1016/j.knosys.2025.113418,W4409424225
D6,多模态大模型与海洋渔业知识智能,9,Comprehensive Fish Feeding Management in Pond Aquaculture Based on Fish Feeding Behavior Analysis Using a Vision Language Model,Divas Karimanzira,Aquaculture Journal,2025,国外,4,10.3390/aquacj5030015,W4413950200
D6,多模态大模型与海洋渔业知识智能,10,CLIP-AFIR: A Contrastive Language-Image Pretraining Model for Accurate Fish Individual Fine-grained Re-identification,"Jianing Quan, Can Wang, Yunchen Tian",Aquaculture,2025,国内,3,10.1016/j.aquaculture.2025.742885,W4412031415
D6,多模态大模型与海洋渔业知识智能,11,MS-LIP: Multiscale Semantic Information Integration With Large Language Models for Marine Prediction,"Caichao Lv, Ning Song, Jie Nie, Min Ye, Xinyue Liang, Xiong Liu, Jun Ma",IEEE Transactions on Geoscience and Remote Sensing,2025,国内,3,10.1109/tgrs.2025.3588151,W4412404216
D6,多模态大模型与海洋渔业知识智能,12,Underwater fish image recognition based on knowledge graphs and semi-supervised learning feature enhancement,"Fengwei Zhang, Jing Hu, YingZe Sun",Scientific Reports,2025,国内,2,10.1038/s41598-025-29396-2,W4416563684
D6,多模态大模型与海洋渔业知识智能,13,WaterGPT: Training a Large Language Model to Become a Hydrology Expert,"Yi Ren, Tianyi Zhang, Xurong Dong, Weibin Li, Zhiyang Wang, Jie He, Hanzhi Zhang, Licheng Jiao",Water,2024,国内,42,10.3390/w16213075,W4403842350
D6,多模态大模型与海洋渔业知识智能,14,Application of Large Language Models and Assessment of Their Ship-Handling Theory Knowledge and Skills for Connected Maritime Autonomous Surface Ships,"Dashuai Pei, Jianhua He, Kezhong Liu, Mozi Chen, Shengkai Zhang",Mathematics,2024,国内,20,10.3390/math12152381,W4401170713
D6,多模态大模型与海洋渔业知识智能,15,FishAI : Automated hierarchical marine fish image classification with vision transformer,"Cheng‐Han Yang, Peng Zhou, Chunsheng Wang, Ge‐Yi Fu, Xue‐Wei Xu, Zhibin Niu, Lin Zhu, Ye Yuan, Hong‐Bin Shen, Xiaoyong Pan",Engineering Reports,2024,国内,10,10.1002/eng2.12992,W4401920746
D6,多模态大模型与海洋渔业知识智能,16,Brain-inspired multimodal approach for effluent quality prediction using wastewater surface images and water quality data,"Junchen Li, Sijie Lin, Liang Zhang, Yuheng Liu, Yongzhen Peng, Qing Hu",Frontiers of Environmental Science & Engineering,2023,国内,18,10.1007/s11783-024-1791-x,W4389575529
D6,多模态大模型与海洋渔业知识智能,17,Revealing the Current Situation and Strategies of Marine Ranching Development in China Based on Knowledge Graphs,"Yonghe Chen, Yong-Jing Chen, Zhang Yue-ping, Ta-Jen Chu",Water,2023,国内,14,10.3390/w15152740,W4385421797
